model,pr_auc,roc_auc,brier,mean_predicted_risk,observed_positive_rate
Logistic Regression,0.08656570281001494,0.6380510440835268,0.04913142623961395,0.07618726910447939,0.0517051705170517
XGBoost,0.0764262775141012,0.5841560941896629,0.05841111019253731,0.13555766642093658,0.0517051705170517
Random Forest,0.0713443838685339,0.590456385447006,0.0951752621763559,0.2639203269542658,0.0517051705170517
