model,pr_auc,roc_auc,brier,mean_predicted_risk,observed_positive_rate
Logistic Regression,0.19147878114381567,0.5963221059770838,0.12496091696959076,0.16572181339394268,0.14852182074143594
Random Forest,0.1789328242652492,0.5699482011895574,0.27173379487531824,0.5274340475387362,0.14852182074143594
XGBoost,0.17273278895281605,0.556277825155181,0.2708559036254883,0.5196638107299805,0.14852182074143594
